<?xml version="1.0" encoding="utf-8"?>
<extension type="module" version="3.1" client="site" method="upgrade">
	<name>mod_vnhbslideshow</name>
	<author>VUONGPV</author>
	<creationDate>July 2016</creationDate>
	<copyright>Copyright (C) 2005 - 2016 Open Source Matters. All rights reserved.</copyright>
	<license>GNU General Public License version 2 or later; see LICENSE.txt</license>
	<authorEmail></authorEmail>
	<authorUrl></authorUrl>
	<version>3.1.0</version>
	<description>Logo + Menutop</description>
	<files>
		<filename module="mod_vnhbslideshow">mod_vnhbslideshow.php</filename>
		<folder>tmpl</folder>
		
	</files>
	<config>
		<fields name="params">
			<fieldset name="basic">
				<field
					name="catid"
					type="text"
					label="Category ID"
					description="Category ID"					
					
				/>
				<field name="bgimg" type="media" directory="working"
					hide_none="1" label="Image background"
					size="50"
					description="Image background" 
				/>
			</fieldset>
		</fields>
	</config>
</extension>
