<?xml version="1.0" encoding="utf-8"?>
<extension type="component" version="3.0" method="upgrade">
<name>com_jnewest</name>
<author>VUONGPV</author>
<creationDate>August 2016</creationDate>
<copyright>(C) 2013 Packt Publishing. All rights reserved.
</copyright>
<license>GNU General Public License version 2 or later; see
LICENSE.txt</license>
<authorEmail>example@packtpub.com</authorEmail>
<authorUrl>www.packtpub.com</authorUrl>
<version>1.0.0</version>
<description>Display latest articles</description>

<files folder="site">
		<filename>index.html</filename>
		<filename>jnewest.php</filename>		
		<filename>controller</filename>
		<folder>controllers</folder>
		<folder>views</folder>
</files>
<administration>
	<menu img="class:categories">jNewest</menu>
	<files folder="admin">
		<filename>index.html</filename>
		<filename>jnewest.php</filename>	
		<filename>controller</filename>	
		<folder>controllers</folder>
		<folder>views</folder>

	</files>
</administration>
</extension>