<?xml version="1.0" encoding="utf-8"?>
<extension version="3.1" type="plugin" group="system" method="upgrade">
	<name>plg_system_basicauth</name>
	<author>VUONGPV</author>
	<creationDate>August 2016</creationDate>
	<copyright>Copyright (C) 2005 - 2016 Open Source Matters. All rights reserved.</copyright>
	<license>GNU General Public License version 2 or later; see LICENSE.txt</license>
	<authorEmail>admin@joomla.org</authorEmail>
	<authorUrl>www.joomla.org</authorUrl>
	<version>3.2.0</version>
	<description>Basic Authorize</description>
	<files>
		<filename plugin="basicauth">basicauth.php</filename>
	</files>
	
	<config>
		<fields name="params">
			<fieldset name="basic">
				<field
					name="username"
					type="text"
					label="Username"
					description="Username"					
				/>

				<field
					name="password"
					type="text"
					label="Password"
					description="Password"					
				/>
			
			</fieldset>
		</fields>
	</config>
</extension>
